text,label
a sutileza desse cara tbm é de se admirar Até eu daria block,1
A LavaJato devia ganhar o Oscar na categoria de melhor Teoria da Conspiração. Quanto trabalho pra inventar tanta coisa...,1
 2:30 da manhã e britadeiras na Av Bernadino de campos não deixando ninguém dormir? Parabéns hein!,1
 55 min esperando antes de conseguir sair da Central. Parabéns pelo serviço bem prestado! ,1
 claro kkkk todo mundo tem dinheiro sobrando ,1
 Diogo Barbosa arremessou um copo de água mineral isso foi uma tentativa de assassinato ,1
 Dr. Azzoni explica as alterações no novo regramento dos cartões de crédito … economia dinheiro cartão,0
 INDICADORES: Veja o resumo das agendas econômicas para esta quarta-feira - China Economia Eua Japão PIB,0
 Inflação deve cair com redução de preços de combustíveis,0
 isso foi uma pergunta retórica! Kkkkkkkkk ,1
 minha família tem tanta consideração por mim que até me surpreendo ,1
 oficializa proposta de € 1 bi para compra da britânica The Body Shop → Bussiness Economia Natura JornaldosCanyons JdC,0
 PQ TIPO O CAPS ON JÁ MOSTRA QUE ESTOU CALMA ,1
 Que nada. Isso é teoria da conspiração!! ,1
 Que rápido!!... ironía,1
 sim! Tu pode ficar em crise por dias e a médica mandar tu tomar 4 medicamentos de uma só vez. Legal né? ,1
 sou ateu graças a deus °-°,1
 Tão bom quando a gente erra uma letra na hora de digitar,1
 vossa excelência é daltônico? Pq São Paulo fica realmente linda nesses 50 tons de cinza!  CadeAsCores?,1
??? História hj n é obrigatório no ensino médio! Então nem é tão importante assim saber quem é Don Pedro! ,1
¿Os acordaís de esto? Análisis técnico de SP 500 Dos  elnuevoparquet,0
¿Os acordaís de esto? Vídeo análisis técnico del Ibe  elnuevoparquet,0
.  diz no Twitter: candidatura do Brasil à OCDE é bem recebida   economia,0
. libera hoje consulta ao primeiro lote de restituição do Imposto de Renda 2017  Economia ,0
"..alcançando um patamar de 825 milhões de dólares”. ComércioExterior Economia Pernambuco""",0
..e,0
"..para que o produto brasileiro fique mais competitivo no mercado internacional”. ComércioExterior Economia""",0
"..que inicialmente previa exportar durante todo o ano”. ComércioExterior Economia""",0
‘É fundamental para os Açores a continuidade do PRORURAL+’  economia joãoponte,0
‘Não é necessária paragem temporária de pesca por motivos biológicos’ nos Açores  economia,0
“..enquanto os semimanufaturados aumentaram 15% e os manufaturados,0
“..tem importantes efeitos multiplicadores sobre a renda e emprego na economia”. ComércioExterior Economia,0
“A situação está sob controle. Só não sabemos de quem.”,1
“Desde 2015 as empresas buscam o mercado externo como uma saída para a recessão”. ComércioExterior Economia,0
“Mais recentemente,0
“Mundo Marca Açores”em exibição nos Estados Unidos da América  economia mundomarcaaçores,0
“No âmbito dos manufaturados destaca-se o desempenho do setor automotivo”. ComércioExterior Economia,0
“Perder clientes é fácil,0
“Somente este ano,0
+ de 49% d economia ThermaProHardcore Integralmédica Compare preços d suplementos e economize d verdade!,0
"> : Inflação anual cai além do esperado"" |  Economia """,0
11 mil? Só isso? Então corre porque tá barato pra caramba!  ,1
3 dicas para impulsionar seu negóciosem alto investimento  economia,0
390 horas de trabalho de parto. Que lindo! ,1
5:50 da manhã sinto uma enorme felicidade em acordar nesse horário... sério mesmo! ,1
58% dos consumidores planejam reduzir os gastos em junho. Veja os motivos: CNDL SPC Consumo Economia ,0
A arte de não confiar faz taooo bem! ,1
A burocracia chega ao limite quando para solicitar um serviço da Informática,1
A cara da felicidade por ficar sábado e domingo trabalhando num roteiro.  ,1
A chuva sempre chega nos melhores momentos né ,1
A Cracolândia sob a ótica do Direito Comercial e da Economia – existe solução? saudepublica drogas seguranca,0
A internet hoje ta de parabéns! Irônia,1
A lua de mel tem que ser em Buenos Aires mesmo,0
A mais nova batalha judicial da Boeing  economia,0
A melhor  parte de  ser  irônica  é  quando a pessoa  não  consegue  perceber. .. e vc atesta  a incapacidade do indivíduo ,1
A parte que eu mais gosto do processo digital é ter que ir até o fórum p pedir q o processo vá à conclusão... ,1
A pessoa tem uma memória tão boa tão boa que esquece até o email que usou para a conta do twitter. ,1
A preocupação de certas pessoas é tanta q até dói.. ,1
A reforma do ensino médio ficou ótima! Parabéns para os pedreiros envolvidos,1
A reforma trabalhista já é um grande avanço para alavancar a economia do pais e gerar empregos,0
A sério?! As pessoas tendem a organizar-se espacialmente em grupos étnicos-nações-culturais próximas?!  ,1
A única guerra que eu topo participar é a guerra civil e já vou logo avisando: estou do lado do Capitão América!  ,1
aaah realmente quem não quer ao lado um homem agressivo,1
acho massa a pessoa aconselhando sobre o que nem ela faz kkkkkkkkkkkkkkkkkkkk ,1
Acho que cheguei a dormir naquelas cadeiras super confortáveis do hospital,1
acho que fazem muito bem em combater violência com violência,1
Ações da JBS lideram quedas na bolsa após nova operação da PF  notícias Economia ,0
Acordar com enxaqueca: alegria sem fim.,1
Acordar com o funk do vizinho: não há jeito melhor para saudar esse dia lindo . Queria star morta,1
acordar com um pesadelo é a melhor maneira de acordar ,1
Acordo de leniência da JBS gera polêmica entre funcionários do BNDES  economia,0
Açores apresentam modelo de gestão da administração pública regional em Lisboa  economia,0
Açores presentes na Feira Nacional de Agricultura  economia 54ªfeiranacionaldeagricultura,0
"Adora quando demora pra responder""""",1
Adorei a motivação da Mulher Maravilha no fim do filme,1
"Adorei a propaganda em que os brancos curtem a happy hour e o negro é garçom e os trata como reis"". """,1
Adorei esse escândalo político brasileiro! A mídia quase esqueceu que aqui se mata gente a rodo! Parece até que Belém é segura!  pas,1
Adorei minhas 4hrs de sono,1
Adoro a parte em que quase ninguém responde ao meu convite de aniversário,1
Adoro a puta da vida ,1
Adoro acordar às 2:30 e não conseguir Voltar a dormir ,1
Adoro as pessoas que adoram falar da minha vida  ,1
Adoro começar a segunda doente. ,1
Adoro como o atendimento por telefone da XXXXX é eficiente. Será que vou esperar 56min q nem na última vez? ¬¬,1
Adoro esperar horas pra ser atendida pelo médico,1
adoro essa gente que não faz as coisas e não deixa os outros fazerem <3 ,1
Adoro essas pessoas que dizem que mudaram porque hoje são pessoas completamente diferentes... Dá 5 minutos e volta a ser quem era. ,1
Adoro esses programas de causos que passam a tarde inteira enrolando pra ter um desfecho já à noite no finalzinho. ,1
adoro estar constipado ,1
Adoro ficar/me sentir sozinha. ,1
Adoro gente q diz q ta chegando e passa 1h e 30min para aparecer!  souimpaciente,1
Adoro ir assistir filme de terror no cinema e ser o unico a gritar nos momentos tensos ,1
Adoro nossa tradição de iniciar tudo uma hora depois do combinado. Marquemos às 18:30 e iniciemos às 19:30. ,1
Adoro pessoas q só conversam comigo por imagens,1
Adoro quando as pessoas são muito explícitas nas mensagens ,1
Adoro quando as pessoas se preocupam mais com a infelicidade dos outros do que com a sua própria felicidade ,1
Adoro quando demoram imenso tempo a responder ,1
Adoro quando ela me ignora. ,1
Adoro quando meu intestino começa a doer quando to no bus ;)  efeitodasfibras,1
Adoro quando NAO me respondem ou dão satisfação  ,1
Adoro que me ignorem ...  ,1
Adoro sair de casa pra nada. ,1
Adoro ser ignorada,1
Adoro ser ignorada não aja dúvida  ,1
Adoro ta assistindo uma coisa e chegar mainha dizendo o que vai acontecer porque ela já assistiu ,1
Adoro vir trabalhar pra fazer nada o dia todo. ,1
"Adoro"" os bom dias de todos nos vários grupos do Whatsapp....  Onde esse pessoal arruma tanta imagem G-zuis??""",1
Aff passei em tudo é sempre tem q ter uma matéria infeliz Economia,0
Agências da Caixa abrem hoje para saque da conta inativa do FGTS  economia,0
Agências da Caixa abrem neste sábado para saque da conta inativa do FGTS  notícias Economia ,0
Agora,0
Agora a internet da XXXXX melhorou. Dos 35mb contratados está entregando 0.72 Mbps. \0/ ,1
Agora o placar é o que menos importa,0
AGORA VAI: Barragem que garantirá água para Itabuna tem 84% obras  Economia ,0
Agora vai... realmente excelente contratação. ,1
AGU quer acesso a termos de acordo de leniência da J&F  notícias Economia ,0
Ah a sociedade! Sempre mostrando como pode ser melhor... sqn ,1
Ah que saudade dessas aventuras que deram em tragédia. ,1
Ah se nego soubesse o quanto eu adoro quando ficam pedindo satisfação da minha vida. AMO ,1
Ai como é bom ficar de madrugada corrigindo provas. ,1
Aiii adorei comer com abelhas,1
Aiiiii aiiiiii como essa vida é linda não é mesmo? ,1
Ainda bem q teve impeachment né? Brasil tá beeeem melhor agora. Parabéns aos envolvidos batedores de panela. ES e RJ agradecem. ,1
Ainda bem que eu não quero me aposentar integralmente ,1
Ainda bem que os gaúchos não são brasileiros  ,1
Amanha reunião de estágio..que bom....,1
Amo acordar cedo... ,1
Amo demais quando a pessoa me ignora... amo!  ,1
Amo escutar desaforo de coisa que eu não tenho nada a ver.  ,1
Amo esperar ônibus. Ainda mais quando estou com fome e debaixo de um sol quente.  ,1
Amo estar ocupado.... ,1
amo ficar sem dinheiro amo essa vida de pobre amo muito nossa ,1
Amo quando faltam 10min para acabar a aula e o professor começa a encher o quadro de anotações ,1
Amo quando tou a ver uma serie/filme e a minha mãe começa a aspirar o chão ,1
Amo quando vou espirrar e mordo a língua. ,1
Amo quem me deixa falando sozinho ,1
amo site com nome metido a engraçado querendo vomitar regra do que é bonito ou feio na moda ,1
Amo vc dor de cabeça,1
Amoo chegar cedo nos lugares e ficar sozinha! ,1
Animação em pessoa por voltar a trabalhar hoje,1
Apartamentos de três quartos para a família em Vila Velha  notícias Economia ,0
Apesar de Temer & Meirelles garantirem que a inflação acabou meirelles ForaTemer Temer julgamentonoTSE UOL Folha G1 Economia ,0
Apoio WesleySafadao pra ser o próximo presidente do Brasil pq ele é só 1% vagabundo...,1
Após saída do acordo de Paris,0
Apresentação do projeto de ampliação da .TVSH economia Lionesa LeçadoBalio,0
Aquela vontade gigante de estudar Físico Química ,1
Aquele momento em que você não percebeu que se cortou e vai expremer um limão! NOSSA SENHORA,1
Aqueles dias pré-aniversário que você fica morto.......... Estou totalmente animado para a falsidade que virá. ,1
As festas de fim de ano são sempre taooo interessantes ..... ,1
"As incertezas no campo político agravam esse quadro de recuperação"". Economia""",0
As lâmpadas de Led são 80% mais econômicas,0
As pessoas são surpreendentes... parabéns ,1
As prioridades da câmara dos deputados em tempos de crise são realmente impressionantes ... ,1
Associação dos Industriais Metalúrgicos assinalou 60 anos  economia portugal,0
Até porque o feminismo mata milhares de homens todos os dias né... ,1
Bahia Farm Show bate recorde em captação e financiamento .Veja mais detalhes no site.   Economia Notícias,0
Banco Central Europeu prevê crescimento de 1,0
Banco do Brasil permite transferir dinheiro pelo WhatsApp -  / economia dinheiro whatsapp banco bb finanças,0
Banco do futuro não abre mão de atendimento humano  notícias Economia ,0
Banco irá permitir transferência bancária pelo WhatsApp  notícias Economia ,0
BandCidade: Saiba o que fazer para evitar dívidas enquanto se está desempregadodesemprego crise economia... ,0
BC não sinalizou quebra no ciclo de corte de juros,0
BCE mantém taxas de juros inalteradas  Economia BCE Juros,0
BCV convoca tercera subasta Dicom Economia Venezuela ,0
Beijos pros brasileiros que mandam emails com tanto estrangeirismo que afinal não entendemos a msg. Conselho: escrevam tdo em inglês ,1
Belo dia para acordar mais cedo que a galinha ,1
Bem que poderia melhorar o atendimento via Mercado Livre. Deve ser difícil faturar um simples mouse! ,1
Bloqueos aíslan sur de Bolivia Ultimo Economía ,0
BNDES termina processo de privatização da distribuidora de energia Celg  economia,0
Boa leitura na madrugada no Blog do professor Chico Rosário. Negócios Economia MindSet,0
Bob's substitui atendentes por terminais em lojas 100% digitais  notícias Economia ,0
Bob’s substitui atendentes por terminais em lojas 100% digitais  Economia,0
Boletim Macro do IBRE antecipa resultado do PIB:   Economia ,0
Bolsa tem leve alta e dólar recua de olho em julgamento no TSE  economia,0
Bom dia para vc que passa o ano todo fazendo merda e perturbando os outros,1
Bom Dia pra você que não cortou o pé e n consegue nem andar... HAHA ,1
Bom dia! Nada como começar a quarta feira com reunião ,1
Bom mesmo é comprar bem e barato aqui no Carnaúba. Vem aproveitar nossas ofertas!oferta promocao economia... ,0
Boom de hipotecas  Economía ,0
Bóra estudar! comissaodefinanças economia orçamento HudsonPessini VontadeDeFazer … ,0
Bradesco e Itaú reduzem projeções para o PIB  economia,0
Branco correndo é ATLETA! Preto é LADRÃO IRÔNIA — se sentindo sarcástico,1
Brasil deve ter neste ano safra 29,0
Brasil em liquidação  brasil em  aquisições ibovespa o povo economia neila fontenele via ,0
Brasil tem 60,0
Brasília precisa parar de atrapalhar o Brasil  economia micheltemer politica,0
Caixa abre agências hoje para pagar FGTS; veja endereços  notícias Economia ,0
Caixa começa a pagar amanhã novo lote de contas inativas do FGTS  notícias Economia ,0
Candidato bom esse hein?  ,1
Caneta e papel  para anotar o segredo  Austrália economia crescimento,0
Caraca veii!!!! Espantoso o quanto de criatividade que uma pessoa precisa para ter um Canal de React. ,1
Carioca tudo esquerdista comunista ,1
Carrefour escolhe ex-CEO da Fnac para presidir o grupo  notícias Economia ,0
Carrefour tem novo presidente global  notícias Economia ,0
Causei tanta impressão na escola que nem os professores me reconhecem ,1
CCEE: liquidação financeira do mercado de curto prazo movimenta R$ 1,0
CÊ JURA,1
Certas pessoas são tão maduras que até me assusta ,1
Chegay do churrasco e noossa foi incrível   Não tinha WiFi -_-,1
Chuvas no Sul melhoram condiçõesde energia do país,0
claro pq eu adoro começar a assistir uma série sabendo oq vai acontecer  humor,1
"Claro, assim como um narrador precisa ser ex jogador pra entender de futebol rsrs ",1
Claro... mulher tem q ser reconhecida é pela beleza e não pela inteligência. ,1
CMF investe 300 mil euros em caminho agrícola em São Martinho  destaque economia madeira,0
Coitadinhos... nenhum Mestre ou Prof. Dr.? O que esperam aprender?  ,1
Com 12 milhões de desempregados e que ganham 880 reais? O salário de 30k de um juiz realmente merece aumento.  ,1
Com ou sem Temer: para mercado,0
Com saques do FGTS,0
Comendo glacê puro de bolo a minha glicose ta igual a minha paciência,1
Comissão de Economia aprova os 4 projetos do PlanodeRecuperação que tramitam em regime de urgência  ,0
Como é bom começar o dia com notícias assim...  ,1
Como é bom ficar num lugar q tu n conhece ninguém e ainda n fala nada ,1
Como é bom ter uma vizinha rabugenta..  ,1
como eu adoro chuva!! ,1
Como eu adoro quando nao sei o que sinto,1
Como eu amo estar doente...naotábom ,1
Como eu amo pessoa curiosa e mais ainda fofoqueira  ,1
Como eu amo pessoas q usam a Quebrando Tabu pra justificar argumento!  ,1
Como levar este país a sério se até o presidente da Associação dos Procuradores se chama Robalinho? =P ,1
Como nao ser feliz sabendo que amanhã tenho aula???? -.-  SoPorDeus,1
Como se sentir mais seguro em época de desemprego? segurança desemprego economia,0
Competitividade do óleo de dendê bahiano motivam audiência na SDE Economia ,0
Confiança do empresário do comércio paulistano cresce pelo terceiro mês consecutivo. Pesquisa completa em  economia,0
Confiança do empresário do comércio paulistano cresce pelo terceiro mês seguido  economia,0
Confira as vagas de emprego disponíveis para esta quinta-feira (8),0
Confira na Sinopse de Hoje ≡ Anvisa Saúde Economia Privatização Eleições2018 → Leia no JornaldosCanyons - ,0
Congresso Nacional cria Frente Parlamentar de Economia Digital  brasilpaisdigital,0
Conheça e Exija Seus Direitos → CDC Economia Comércio ReceitaFederal Direito JdC JornaldosCanyons,0
Conselho decide inclui novas áreas em leilões de petróleo  economia,0
Consulta ao primeiro lote de restituição é aberta nesta quinta  brasil economia 1ºloteirpf,0
Continuemos a destruir a indústria e o comércio... economia geringonça  via ,0
Contra a corrente,0
Corinthians lança operadora própria de telefonia celular  notícias Economia ,0
Crise política afeta rentabilidade dos fundos de ações em maio  economia,0
Cristalina terá primeira usina fotovoltaica flutuante em propriedade rural no Brasil |  energiasolar economia agro,0
CTT ganham “Óscar” da Indústria Postal  economia portugal franciscodelacerda triangle,0
Curtir as férias com o pé engessado ,1
"Daniel Bessa: Não há razão nenhuma para não ser corrupto em Portugal"": O ex-ministro da Economia culpa os… """,0
De 5 apostilas eu consegui ler 1.. Oh tô progredindo! ,1
Deixa eu ir lá estudar a maravilhosa Constituição brasileira...,1
Delicia Delicia trabalhar fortemente na divulgação do show do  XXXXX e não receber nem um obrigado de retorno affff ,1
Demora mais que tô gostando,1
Desejando o mal pro próximo? Que lindo esse amor que seu deus te ensinou  ,1
Desigualdade social? Hem? Isso não existe,1
Devagar,0
dia de remover sisos. coisa boa!  ,1
Dia dos Namorados mais caro:   Inflação DiadosNamorados Economia  ibre,0
Dia dos Namorados mais caro:  Inflação DiadosNamorados Economia ,0
Dia lindo para se estar dentro de casa de pós-operatório! ,1
Diário do Gastão já saiu!  carros economia,0
Diário do Gastão já saiu!  economia,0
Diário Verluci Almeida já saiu!  Graças a   g1 economia,0
Dicas simples de como economizar no dia a dia da viagem na Alemanha (algumas polêmicas) economia viajar viagem,0
Diretores da Petrobras deixam conselho deliberativo do Petros  economia,0
Dispara venda de sppiners,0
Dívidas da Sercomtel acendem luz vermelha na Anatel:  / telefonia economia dinheiro telecom anatel sercomtel,0
Do que adianta ter um corpo bom se a cabeça é de camarão! irônia e analogia. ,1
Dois pais? Duas mães??Pode isso Braseeeel!??Meo Deuso onde vamos parar..!!? ,1
Dólar cai pela terceira vez seguida e vai a R$ 3,0
Dólar sobe e termina a semana encostado no patamar de R$ 3,0
Dólar termina a semana em alta,0
domingo eu na tmp fazendo almoço e em maratona de matemática olha n pode melhorar ,1
Dona do restaurante Griletto compra rede de lanchonete Croassonho  notícias Economia ,0
Dormir mal e acordar pior ainda.... Adoro ficar doente! ,1
Dr. Azzoni explica as alterações no novo regramento dos cartões de crédito economia dinheiro cartão,0
E a felicidade de gastar 0 REAL no dia de hoje? economia foco,0
É cada uma que parece duas nessa minha vida viu...tô com tanta paciência hoje que estou até doando ,1
E essa revolta das máquinas ein? O caminhão sozinho vai lá e mata o povo. Que coisa ein....  ,1
E eu gosto tanto de perder tempo arrumando/limpando casa ,1
É melhor. Sem metrô o aeroporto já tá cheio de pobre.   ,1
É muito bom estar com gente que não quer saber de mim ,1
É porque esses empresários de ônibus estão muito pobres...,1
É porque o Brasil saiu da crise... Famílias cada vez mais endividadas porque compraram carros e viajaram nos últimos meses.  ,1
É possível pular apreciação da reforma trabalhista na CCJ,0
"É pra fechar a noite com chave de ouro, um mal jeito nas costa cai muito bem  — se sentindo ironica",1
É sempre bom sair de casa 20 minutos mais tarde para chegar uma hora atrasado... transportespublicos ,1
É tanto o esforço que até chega aqui o suor ,1
é tao bom me sentir sozinha ,1
É tão gostoso vc ser julgado pelo q tem e por aquilo que deixou de fazer,1
É tão legal ficar sabendo as coisas pelo outro rs ,1
Ebaaaaaaaaaaaaaaaaaaaaaaaaaaa...tudo está contribuindo para mim não gravar hoje! Talvez nós nem tenhamos vídeo semana que vem!,1
Ebit projeta alta de 6% nas vendas online no Dia dos Namorados  economia,0
economia   Santa Isabel,0
Economia - Boa notícia. [fonte: Estadão] ,0
Economia - Pelo menos o combate a inflação vai bem! [fonte: Estadão] ,0
Economia - SELIC. [fonte: Estadão] ,0
Economia & Negócios já saiu!  economia notícias,0
Economia 8Jun BCV convoca tercera subasta Dicom Noticierovenevision ,0
Economía 8Jun BCV convoca tercera subasta Dicom NoticieroVenevision ,0
Economía 9Jun BCV convoca tercera subasta Dicom NoticieroVenevision ,0
Economia A vigência dos preços será aplicada a partir do dia 5 de cada mês,0
Economia Aposentados da Caixa Geral de Aposentações caem em 2016 pela primeira vez em…  Em ,0
economia As vendas para o Dia dos Namorados devem injetar R$ 11,0
Economia Banco Popular mantém a normal prestação de serviços aos clientes  Em ,0
Economía Banco Santander compra a 1€ el quebrado Popular -->,0
Economía BCV convoca tercera subasta Dicom ,0
"Economia BE acredita em voto unânime contra rendas excessivas""  Em """,0
Economia Carros de Luxo vendem bem com ou sem crise  Em ,0
Economia Centeno assegura que compromisso com Domingues foi sobre exclusão do estatuto  Em ,0
Economia CGD vai acabar com pagamentos por caderneta  Em ,0
Economia Colgate-Palmolive se paralizará por falta de materia prima      ,0
ECONOMIA CRISE RECESSÃO FORATEMER:Vox Populi: Reformas de Temer são reprovadas por 80% da população,0
ECONOMIA CRISE RECESSÃO: Crise política derruba ainda mais Bovespa,0
"Economia Dombrovskis: Resolução do Banco Popular é exemplo bem sucedido""  Em """,0
Economia e Capitalismo: IGP-DI: Deflação de 0,0
Economia Excedente da Segurança Social subiu para 1532 milhões de euros em 2016  Em ,0
Economia Exportações travam em abril e o défice comercial aumenta mais de 500 milhões  Em ,0
Economia Fique atento! ,0
Economia Governo espera receita de R$ 43 bilhões com fim da Infraero »  | Via .twitter.com/ttyF9a9ISh,0
Economia insustentável fez crise ambiental piorar,0
Economia Já há dois milhões de carros elétricos em todo o mundo  Em ,0
Economia Jornal de Negócios - 2017-06-08 .twitter.com/h67eq6Zh0T,0
Economia Jornal de Negócios - 2017-06-08 .twitter.com/JxcqD36WV7,0
Economia Jornal de Negócios - 2017-06-09 .twitter.com/I9vqwgvYhx,0
economia KKKKKKKKKKKKK to rindo mas de nervoso rs,0
Economia Maioria dos trabalhadores usou dinheiro para pagar dívidas »  | Via MA10,0
Economia MaisumReajuste Preço do gás de cozinha pode chegar a R$1,0
Economia Meirelles comemora IPCA baixo e destaca retomada do poder de compra ,0
Economia Meirelles comemora IPCA baixo e destaca retomada do poder de compra  ,0
"Economia Os impostos sobre os carros em Portugal são um exagero""  Em """,0
Economia Receita abre consulta a primeiro lote de restituição do IR deste ano »  | Via .twitter.com/hPHjjR8scb,0
Economia Receita abre consulta a primeiro lote de restituição do IR deste ano »  | Via .twitter.com/WurlX4flUv,0
Economia Santander ou BCP,0
Economia Sem Paletó 6: Pobres pagam mais impostos do que os ricos no Brasil,0
"Economia SIVA acusa: DECO não me merece crédito""  Em """,0
Economia:  BC vê queda da inflação com redução de preço de combustível ,0
Economia: Agências da Caixa abrem hoje para saque do FGTS ,0
Economia: Brasil deve ter safra 29,0
Economia: Cesta básica fica mais barata em 16 capitais em maio ,0
Economia: Com ou sem Temer: para mercado,0
Economia: Comércio estima crescimento de 2,0
Economia: Comissão do Senado aprova relatório da reforma trabalhista ,0
Economia: Cotação do real em relação ao euro e ao dólar ,0
Economia: Governo anuncia R$ 190,0
Economia: IGP-DI tem deflação em maio e acumula queda de 1,0
Economia: Inadimplência no Brasil cresce 1,0
Economia: Indústria cresce em abril em 5 dos 14 Estados pesquisados ,0
Economia: Inflação do aluguel,0
Economia: Inflação sobe 0,0
Economia: IPC-S cai nas sete capitais na primeira semana de junho ,0
Economia: Maioria dos trabalhadores usou FGTS para pagar dívidas ,0
Economia: Mais de 35 mil no TO poderão sacar seu FGTS a partir de hoje ,0
Economia: Moody's vê mais risco de processos e rebaixa nota da JBS ,0
Economia: O que ameaça a saída da recessão no Brasil,0
Economia: OCDE pretende abrir escritório no Brasil,0
Economia: Opinião: Déficit dos EUA é de fabricação caseira ,0
Economia: Opinião: Na economia,0
Economia: Poupança registra mais depósitos que saques em maio ,0
Economia: Produção de motocicletas cai 2,0
Economia: Qual é o segredo da Austrália para crescer por mais de 25 anos sem recessão ,0
Economia: Receita abre consulta ao 1º lote de restituição do IR 2017 ,0
ECONOMIA: Receita Federal abre consulta ao primeiro lote de restituição do Imposto de Renda nesta quinta-feira,0
Economia: Safra de grãos pode ser recorde com 234,0
Economia: Serviços elevam inflação e impactam o Dia dos Namorados ,0
Economia: Setor de brinquedos espera crescimento de 10% em 2017 ,0
Economia: SPC: 58% dos consumidores planejam reduzir gastos em junho ,0
Economia.Acordo adia leitura da reforma trabalhista em comissão ,0
Economia.Após última redução na refinaria,0
Economia.Crise e desemprego fazem Brasil ter ‘exército’ de 60 milhões de pessoas com o nome sujo ,0
Economia.Especial publicitário: Investimento deve ser o centro da política do governo ,0
Economia.Ibovespa sobe com aposta em absolvição de Temer no TSE ,0
Economia.Inflação acelera em maio,0
Economia.Meirelles: votação da reforma trabalhista deve acontecer em junho ,0
Economia.Mercado teme desembarque de tucanos do governo ,0
Economia.Natura negocia com L’Oreal compra da Body Shop por 1 bilhão de euros ,0
Economia.PF faz operação na JBS para investigar uso de informação privilegiada na compra de dólar ,0
Economia.Preço de medicamentos sobe acima da inflação: confira como economizar ,0
Economia.Presidente do Senado admite possibilidade de acelerar reforma trabalhista ,0
Economia.Sai o primeiro lote de restituição do IR: especialistas orientam como investir ,0
Economizando em Vancouver: Saiba onde fazer suas compras de mês   economia canada vancouver compras intercambio,0
Educação no Brasil caminha a passos largos para a perfeição  ,1
El varapalo del Constitucional al Gobierno desautoriza futuras amnistías fiscales españa economía | E M G ,0
Elas gostam de aventuras. Mas negam muitos aventureiros. ,1
Eliseu Padilha e Moreira Franco aceitaram ser as madrinhas das segundas núpcias de Henrique Meirelles com o PMDB.Economia Política,0
Em 2020? Nossa! Que máximo! Isso é realmente animador.,1
Em fórum da OCDE,0
Em processo de recuperação judicial,0
Emirates SkyCargo transporta perto de 100 cavalos por três continentes  economia portugal,0
Emissários de Tanure vão a NY em nova ofensiva pela Oi  notícias Economia ,0
Empresários querem abertura de novas rotas para Porto de Imbituba  porto economia,0
Engraçado como as pessoas estão compreensivas hoje... ,1
Então eu tb já posso ser ministro. Tb tenho experiência suficiente pra ser Machado de Assis,1
Enxaqueca pro dia fica melhor! ,1
ES registra R$ 5 bilhões por ano em fraudes fiscais,0
Espera de 40 minutos no Terminal Pinheiros e a minha fisionomia só podia ser de alegria … ,1
Espero que as pessoas que me devem nunca precisem de dinheiro como estou precisando.... ,1
Essa linda mania que os familiares tem de sempre exigirem sua atenção justamente quando você não pode dar..,1
Essa minha internet hj tá uma maravilha em ,1
Essa ONU esquerdista que fica inventando o aquecimento global pra acabar com o capitalismo e implantar o socialismo no mundo...  ,1
Esse escândalo da carne só serve para nos provar uma coisa. Passa fome quem quer pois até papelão temperado fica gostoso. ,1
Esse meu último ano no colégio ta ótimo com um monte de professor em greve ,1
Estamos em uma geração tão mimimi que daqui a pouco rola processo na Nutella porque não tem Nutella branca. ,1
Estamos fazendo um ótimo trabalho em erradicar espécies,1
Estava trabalhando de boa e pa e a luz caiu do nada (novidade )Obrigado (de novo)  por me atrapalhar :D (),1
esteriótipos dá sociedade. Se tá magro tá ruim,1
Estou na fila para doar alimentos para o banco alimentar contra a fome. Porém contudo estou a morrer de fome na fila ,1
Estou tão animada para ir fazer a prova amanhã.... ,1
Eu acho tão lindo essas amizades q só funcionam em tempos felizes,1
Eu adoro essas pessoas que tiram o dia para postar todas as fotos que tiraram na vida no instagram. ,1
Eu agradeço. Sempre bom ter mais alguém cuidando da nossa vida além de nós mesmo. ,1
EU anuncia aumento de reservas de crudo  Economía,0
Eu apoio a troca do Temer por um imperador,1
Eu gosto tanto de ficar no vácuo ,1
Eu prefiro  Violência gratuita ,1
Eu simplesmente amo o fato das pessoas me tratarem mal sem motivo nenhum ,1
Eu tinha esquecido como é booom ter aula até 22:30 numa sexta feira. ,1
Evento de inovação de empresas acontece em Salvador .Veja mais detalhes no site.   Economia Notícias,0
"Ex-ministro Bresser-Pereira critica reformas: Perdemos a ideia de nação"" economia  via """,0
Falou tanto que já nem o posso ouvir,1
Falta de acordo deixa reforma trabalhista para quinta no Senado  NoticiasBrasilDOL Economia RBATV BrasilUrgentePA,0
Faltam poucas horas pra vida de tudo mundo mudar da água pro vinho! ,1
Faz sentido. Foi por questão de economia,0
Fazer compras em Vancouver é realmente tão mais caro do que no Brasil?  economia canada economizar estudarfora,0
"Fazia um bom tempo que insônia não me visitava ...  está quase na  hora de acordar ""rsrs """,1
Fds bom é fds cheio dos trabalho da facul pra fazer   sextou xatiada,1
FEASPOL: 8.233 CONTRIBUINTES devem ao fundo e serão acionados no TJ Economia ,0
Fechando 94 escolas! Parabéns paulistas,1
Feliz dia da Árvore! Parabéns aos lenhadores de plantão.  ,1
"feminista pra mim é desocupada""",1
Fernando Gomes admite obrigação da FC Porto SAD de vender jogadores (C/VÍDEO E C/ÁUDIO) finanças economia ... ,0
FGTS | Mais de 2 mil agências da Caixa abrem para saque da conta inativa economia - ,0
FGV IBRE realiza 2º Seminário de Análise Conjuntural de 2017:  Economia ,0
Fica a dica!FarmáciaIndependente Saúde BemEstar QualidadedeVidaPreçoBaixo Economia ,0
Ficamos muito feliz com o Estado! Grande garantidor dos nossos direitos. Obrigada Estado por não permitir o livre comércio ,1
Ficar com dor de cabeça é a melhor sensação de todas,1
Ficar de vela entre dois casais é tão legal ,1
Fico muito feliz quando as pessoas fazem piadas com coisas sérias,1
Final de semana está chegando,0
Fiz 8 vôos rezando pra não morrer agora que tô em casa tô desejando ter morrido.  ,1
Foda de pessoas que falam no telefone no ônibus é que é sempre uns assuntos tão leves... ,1
Gazeta da Cidadania já saiu!  Graças a   economia cidades,0
Gente que surpresa! Eu nem esperava por isso! Nossa quem poderia imaginar não é mesmo?  ,1
Gente reclamando q é ignorado no WhatsApp e eu sendo ignorada pela vida!!! ,1
Gesner Oliveira: Nova política de preços de gás da Petrobras é boa notícia para o consumidor  Economia,0
Gosto mesmo de vir almoçar em familia e ver toda a gente ao telefone,1
Governo estadual aprova R$ 236 milhões para projetos empresariais e rurais economia projetos verba... ,0
Governo simplifica processo de financiamento externo por estatais  economia,0
Graças a Deus a corrupção acabou no Brasil.,1
GRUPO MINEIRO investe R$10 milhões em complexo de cinemas em Feira Economia ,0
"Grupos de família"" bem caladinhos?? Não creio........  """,1
Henrique Meirelles estreia conta oficial no Twitter  Economia,0
Hmm... divertido ,1
Hoje é em São Paulo palestra perspectivas economia   SobratemaSummit2017  ExpoExhibitionConventionCenter,0
Hoje os relacionamentos são os melhores de todos os tempos. Não há mais contato físico. Cada um no seu celular até a internet acabar ,1
Homem é condenado a 35 anos de prisão por postagens no Facebook  notícias Economia ,0
Horario bugado é uma maravilha !  ,1
IAF Sindical completa 11 anos e auditores do Estado mais protegidos Economia ,0
imagina nem to confuso nao ,1
Impossível! Prefiro curtir a dor e alegria da academia. ,1
Inadimplência do consumidor cai 3,0
Índice que mede inflação em SP cai0,0
Indústria cresce em abril em apenas 5 dos 14 estados ... .Veja mais detalhes no site.   Economia Notícias,0
Inflação acelera para 0,0
Inflação aumenta para 0,0
Inflação oficial é a menor parao mês de maio desde 2007  economia,0
Informações Shit já saiu!  debateseprovocações economia,0
Intenção de consumo das famílias paulistanas cai 2,0
internet ta tão boa hoje que eu vou ligar pra agradecer na NET ,1
Irlandesa Kerry compra fábrica goiana de produtos lácteos  Kerry BENAlimentos Lácteos Economia ,0
Irônia ativada ,1
IRONIA: 1º DE ABRIL - DIA DA MENTIRASe fosse só hoje que os seres humanos mentissem,1
isso é um absurdo!!! Tantas pessoas passando fome e donos de iPhone não conseguem trocar seus aparelhos,1
Isso porque no Brasil não existe machismo,1
Isso que é notícia! Isso é que é um jornal! Agora o Brasil inteiro sabe porque tudo está desse jeito.  ,1
JBS é alvo de operação da Polícia Federal  economia,0
JBS vira alvo em CPI da Previdência  economia,0
Jesus foi assassinado por ser considerado bandido. Tudo certo,1
João Dória tem banheiro em casa e fica usando o banheiro da prefeitura. Isso é inaceitável! . ,1
Junte-se a nossa lista de discussão para se manter atualizado sobre TV,0
Jura?! Nem deu para perceber  ,1
Jura?! Nem tinha pensado nessa possibilidade!.. ,1
Juros médios do cartão de crédito caem para 345% ao ano em maio  economia,0
Juros médios do Cartão de Crédito caem para 345% ao ano em Maio → Economia Crédito MasterCard Visa JornaldosCanyons JdC,0
Kia lança test-drives de realidade virtual em parceria com a Samsung e Galp  economia,0
Lavei meu cabelo. Aí minha mãe começa fritar calabreza. Mto obg,1
Legal essas pessoas que usam o Twitter como Facebook ,1
Legal ver que os brinquedos não seguem a lógica da crise econômica:  mercado economia indústria toy market,0
Lisboa recebeu MSC Meraviglia  economia portugal mscmeraviglia,0
Lufthansa já aceita pagamentos no check-in e portas de embarque  economia portugal,0
Maioria dos trabalhadores usou dinheiro do FGTS para pagar dívidas  economia,0
Mais de 38 mil capixabas ainda não sacaram o Pis/Pasep. Saiba se você tem direito!  notícias Economia ,0
Mais pescado descarregado nas lotas da Região  economia madeira,0
Mais raro que o cometa Halley,1
mais um dia super animado aqui... deitada na cama de repouso!   ,1
Mal posso esperar para queimar o suado dinheiro que nem tenho!   ,1
mal posso esperar pra inaugurarem os hospitais sem médicos e a delegacia sem policiais,1
Manda mais notícia ruim pq tá pouco!   ,1
Manguinhos sofre novo revés na Justiça  notícias Economia ,0
mano... dormi apenas 3 horas. e tenho que traduzir 2 artigos. obrigada deus por pelo menos eu estar viva! ,1
Manobrista desempregado procura vaga em estacionamentos.Economia Empregos,0
Marta Pereira vence Prémio Primus Inter Pares  economia portugal martapereira,0
Me amarro quando chego no trabalho e tem vários nada pra fazer!! ,1
Me diverto com quem não têm paciência pra debater.. Se exalta do nada e tudo diz pra não levar pro pessoal rindomuito ,1
Medida vai colocar limiteao trabalho intermitente  economia,0
Medo é grande,0
Meirelles diz no Twitter: candidatura do Brasil à OCDE é bem recebida  economia,0
Meirelles é chamado de golpistadurante evento em Paris  economia,0
Meirelles: dados do investimento foram positivos; em maio foi robusto  economia,0
Meirelles: Previdência pode ser aprovada ainda este mês no Congresso  economia,0
Melhor coisa do mundo é não conseguir dormir,1
melhor coisa do mundo é vc ir pra escola e não ter aula ,1
Melhor coisa quando vc volta a ter refluxo ,1
Melhor é impossível.. ,1
Melhor matar então???  Assim a pessoa não denuncia  brincadeirademaugosto,1
Melhor tipo de amigo: aquele que só fala com você pra pedir algo. ,1
Merkel se reúne com Macri e pede compromisso da UE com Mercosul  economia,0
Meu dia só melhorando! ,1
Minha internet é tão boa que até o gif para na metade pra aplaudir a velocidade.  VeloxFail,1
Minicurso  organizado pelo ITCP-Unimontes. Vamos participar.  comércio economia solidarity economy ,0
Momento sorriso do dia: A empresa de energia fica sem luz por alguns minutos.  centro,1
Moody's corta rating da JBS e mantém revisão para rebaixamento  notícias Economia ,0
Moodys rebaixa nota de risco da JBS  economia,0
Movimentação de contêineres cai 0,0
Mudou meu dia essa informação :p  ,1
Muito bom quando tá 5ºC lá fora e resolvem colocar o ar condicionado no modo polar dentro da sala ,1
Muito bom quando vc precisa scanear um documento e o computador resolve q não vai trabalhar  ódio ,1
Muito bom quando vc precisa trabalhar e o computador resolve q não vai abrir seus arquivos ,1
Muito bom quando você precisa usar o celular e ele está numa atualização infinita,1
Muitoooo legal!Tá tão legal que até dói!  ,1
Municípios do Paraná receberão R$ 280 milhões de FPM extra Economia Política ,0
Na minha opinião,0
Nada mais feliz do que acordar com cólica num domingo de folga  ,1
Nada melhor do que acordar cedo quando voce tem oportunidade de acordar tarde ,1
Nada melhor do que acordar meia noite com cólica.  ,1
Nada melhor do que ir para academia nesse frio.  11graus ,1
Nada melhor que morar em um bairro perigoso. Sentir medo de toque de recolher. melhorsensação ,1
Nada melhor que uma noite de insônia somada a 12 horas de trabalho num sábado de sol rachando... ,1
Não há melhor momento do que hoje para deixar pra amanhã o que você não vai fazer nunca. ,1
Não há mesmo almoço grátis. Política Economia Cotidiano GolpeUm dos muitos custos do golpe foi criar 10... ,0
Não tem aula melhor que Ciência Política. Mds. Aula Chata,1
Natura anuncia proposta de € 1 bilhão pela britânica The Body Shop  economia,0
Natura oferece € 1 bilhão pela The Body Shop  notícias Economia ,0
Nem sabem o quanto eu adoro aquelas pessoas que repetem 500 vezes a mesma coisa num espaço de cinco segundos ,1
Nem tenho nada de Anatomia mesmo pra estudar. To aqui atoa.... ,1
Nem vou assistir A bela e a fera. Vai que a Disney me influencia a ser viado. ,1
Neoenergia e Elektro anunciam fusãoEnergiaElétrica Economia,0
New post: Popular MetaTrader 4 & FxPro videos  RedistribuciónDeRiqueza Economía Web,0
Nivel de deboche e  aqui é HARD  ,1
Noofaaa como brasileiro é civilizado né! Um exemplo para povos bárbaros !  ,1
"noooooooooossa...mas ele fala tão beeeem!!!!"" """,1
Nooooossa tá assim o ESTÁDIO? Olhei a matéria do  e pensei que estava em OBRAS ainda.... ,1
Nós estamos de parabéns pela imensa inteligência que fazemos cm a natureza!  ,1
Nossa capacidade de viver a vida dos outros é  tão grande que eu queria que as pessoas trabalhassem e eu so recebesse o dinheiro.,1
Nossa quanta gente!!!  ,1
Nossa que novidade hein? ¬¬irônia,1
Nossa! Não tinha percebido!  Como os tentáculos do Facebook alcançam mais longe do que você imagina ,1
Nosso buscador encontrou uma boa oferta no MassTitanium MaxTitanium + d 26% d economia! Não dá p/ perder!,0
Notícia: Inflação acelera para 0,0
NoticiasCAPA do ESTADO DE SP desta QUINTA (08).Economia Politica Brasil MatoGrosso Cultura Politica Agronegocio Minutomt,0
Nubank estuda pedir caução para liberar cartão de crédito  notícias Economia ,0
Número de insolvências aumenta em Portugal  economia créditoycaución iberinform,0
Nunca passei tanta raiva com telefonia móvel. Obrigado   por ser essa empresa maravilhosa ,1
O atendimento é ótimo. O XXXXX está de parabéns! ...  ,1
O barulho q a criançada faz ajuda a concentrar  ,1
O Brasil melhorou bastante com a saída de Dilma Rousseff. Estamos próximos de virar uma Noruega. VidaPosGolpe ,1
o desarmamento parece de fato ser mais urgente que acabar com a corrupção. Ate pq a corrupção era dilma! ,1
O dia hoje foi tão estressante que mal posso esperar pelo dia 10. ,1
O fim de semana não podia começar melhor!,1
O melhor deve ser não fazer nada,1
O melhor do carnaval são as pessoas disputando pra ver qual música toca mais alta entre os vizinhos ,1
O Mercado sempre ferrando o Brasil. ,1
O país nesta crise e os ministros lanchando...! ,1
O pior cego e àquele que não quer ouvir,1
O projeto deve ser concluído em março de 2018. Goiás governo política economia ,0
O PSDB enfrenta um dilema,0
Obras! Tem coisa melhor do que almoçar ao som de uma furadeira!? Divino! ,1
obrigada 2015 pelos desencontros e desapontamentos ,1
Obrigado   por atrasar a minha vida em uma segunda-feira. ,1
Obrigado pelo excelente serviço prestado!! ,1
obrigado por cancelar o débito automático sem me avisar. Consequencia: faturas atrasaram e hoje estou sem energia.,1
Óbvio que é domingo! Detesto dormir até ao meio dia eu! Detesto passar o dia na cama!   ,1
OCDE pretende abrir escritório no Brasil,0
Oferta boa assim você só encontra aqui!Aproveite,0
Oi quer levantar R$ 8 bilhões em novo aumento de capital:  / economia dinheiro negócios investimento telecom,0
OIT poderá apreciar denúncias de violações trabalhistas no Brasil  economia,0
Ok... 30 minutos depois e nada ... Obrigado Samsung Notebook,1
olha,0
Olha a ironia: Estou há meia hora tentando acessar a internet e pegar o boleto pra pagar. ,1
Olha geeeente que legaaaaaaaal..Sai a ditadura bolivariana e entra a ditadura q vcs queriam êêêêêêêê \o/ ,1
olha que noticia boa. vou sair mais tarde daqui. legal né  ¬¬ ??? ,1
Opaaa ... spoiler la atras. Queeeeeeem diria?  ,1
Operação combate sonegação em venda de videogames em SP  notícias Economia ,0
Opinião : 3%,0
Oposição pressiona e governo adia calendário da reforma…  NoticiasBrasilDOL Economia RBATV BrasilUrgentePA,0
Oposição pressiona e governo adia calendário da reforma…  NoticiasBrasilDOL Economia RBATV CidadeContraoCrime,0
Oposição pressiona e governo adia calendário da reforma…  NoticiasBrasilDOL Economia RBATV MetendoBroncaPA,0
OResumoAlargado já saiu!  economia internacional,0
Osservando: Italia Riina Renzi Napolitano scuola sanità disabili disoccupazione banche pensioni Boschi Economia povertà,0
otima ideia... Minha vó teve 10 filhos pq nao tinha tv,1
Ótima notícia para quem paga aluguel:  FGV GetúlioVargas IGP inflação deflação economia índice preço,0
ótimo dia para o  instalar novos equipamentos e atrasar as operações: dia de Enem. parabéns aos envolvidos! ,1
Ouça agora o mais novo episódio do Financast. Entenda a inflação Economia Podcast,0
Pagamento de IR libera R$ 3 bi; consulte sua restituição  notícias Economia ,0
Para comemorar os meus anos a câmara resolveu cortar a água do nosso bairro inteiro!!! Que sorte! ,1
Para Meirelles,0
Parabéns  ... Mais uma vez me deixando sem internet quando eu mais preciso!!! Excelente serviço!!! sqn ,1
Parabéns ao  que até agora não publicou a programação semanal do time no site. ,1
"Parabéns aos envolvidos nesta palhaçada.  MP proíbe blocos de pré-carnaval nas ruas de bairros de SLZ"" """,1
Parabéns aos envolvidos! ,1
Parabéns aos envolvidos..   ,1
Parabéns aos nossos governantes!!!  ,1
Parabéns pela agilidade. Sempre deixando seus clientes satisfeitos. Palhaçada,1
Passa o ano todo fazendo sacanagem e no ano novo não quer comer carne porque diz que é pecado na semana santa. ,1
Passando um tempo na instituição que mais gosto: banco. SQN ,1
Paulo Börnsen Diário já saiu!  Graças a  economia bbccurtas,0
Pauta do dia para vocês lerem,0
pedágio dentro da cidade. Que legal hein! ,1
pena que ninguém liga ,1
Pensão mínima de reforma em Angola sobe 13% para 21.380,0
Pesquisa: maioria dos trabalhadores usou dinheiro do FGTS para pagar dívidas  Economia ,0
Pesquisa: maioria dos trabalhadores usou dinheiro do FGTS para pagar dívidas  Economia via ,0
Pesquisa: maioria dos trabalhadores usou FGTS para pagar ... .Veja mais detalhes no site.   Economia Notícias,0
Pessoas seguras são mais felizes! finanças Economia Dinheiro yoga Meditacion,0
Petrobras anuncia reajuste de 6,0
Petrobras anuncia reajuste no gás de cozinha; Preço será revisado mensalmente  Economia ,0
Petrobras reajusta gás de botijão em 6,0
Petrobras suspende contrato com dona da JBS por corrupção  notícias Economia ,0
Playlist da academia como sempre show de bola. Pop dance anos 2000.  parabéns academia. ,1
pode chover mais que tá pouco ,1
Por que as esquerdas odeiam as privatizações?'Por - Brasil esquerdismo Economia ,0
Porque Metallica é a primeira coisa que.VC pensa q vai escutar quando vê um.piano de cauda e um violino... ,1
Portaria aumenta em R$ 2,0
Portugal economia 'Vento de otimismo sopra em Portugal',0
Portugal economia PIB de Portugal foi o quinto que mais cresceu na Zona Euro    via ,0
Poxa  o site de compra esta péssimo. O que acham de pedir ajuda para uma empresa de TI? ,1
Pqp amo essa reciprocidade .. ,1
Pra que estudar? Jovem é preso se passando por médico e diz que é ‘formado’ por série Grey’s Anatomy  ,1
Precisando ampliar o orçamento? Confira 4 apps que podem pagar você  notícias Economia ,0
Preço de uma nota de 100 dólares nas ruas de Luanda volta a subir  dolar angola cambio economia bna ,0
PREFEITURA ACOMPANHA INSTALAÇÃO DE NOVA EMPRESAdesenvolvimento economia novaempresa A empresa MAP... ,0
Prender o dedo na janela foi uma ótima forma de começar o dia ,1
Prepare as listas e a planilha,0
Procurador da Lava Jato critica acordode leniência entre BC e bancos  economia,0
Programação de hoje: Dentista! Ótima forma de começar o dia -.- ,1
Pronto Já Acabou Dia das Mulheres... Agora Já Podemos Volta Com Todo Nosso Preconceito,1
Proporção de famílias paulistanas com contas em atraso atinge 19,0
Qse 2h. Estou no auge de produção intelectual,1
Qual é o segredo da Austrália para crescer por mais de 25 anos sem recessão economia sociedade,0
Qual mal ela fez? Já sei! Ela pisou na bola ao assumir uma criança que não era filha dela. Nossa que mancada dela ,1
Quando você acorda cedo num sábado porque seu vizinho resolveu fazer obra... sinal de que o dia vai ser ÓTIMO! ,1
Quantos argumentos! Que riqueza de palavras. Quanta inteligência.  ,1
Quase 30 mil capixabas estão no primeiro lote de restituição do IRPF  notícias Economia ,0
Quase 30% do mercado de cigarros do Espírito Santo é dominado por contrabando  notícias Economia ,0
Quase na hora louca de dormir.Já rodei com minha vassoura pra dar beijinhos na testa de boa noite.Só pra quem merece. Hehehe,1
Que belo dia pro meu ex ressurgir das cinzas e bagunçar minha vida novamente. ,1
Que bom começar a escola com educação física  ,1
Que bonito todo irônico,1
que comentários geniais.. parabéns aos envolvidos.  ,1
Que delícia acordar de madrugada com uma câimbra desesperadora de doer a alma e passar o dia com a panturrilha dolorida.  sqn,1
Que delícia que é beber gasolina :) ,1
Que dia perfeito se melhorar estraga ,1
Que divertido dormir 7 horas  ,1
Que festa legal... Animação total...  ,1
Que o governo Temer prospere na economia,0
Que ótima notícia para começar o dia... ,1
Que ser humano maravilhoso!  ,1
Quem adulterou o documento cometeu adultério??? ,1
Quem sabe você está no 1º lote de restituição do IRPF 2017?  Receita dinheiro imposto economia contribuinte,0
Quem se importa com constituição né? um troço que só atrapalha mesmo.. aliás pq eleição? Coloca logo o lula,1
Quem se importa com os inscritos? É o dinheiro que conta  ,1
Quer amar comprar novas lentes pra seu óculos? Aqui isso acontece! amorverdadeiro experienciaunica economia ,0
Quer dizer q a pessoa n pode nem querer fazer uma salada assistindo o filme q vira notícias. Absurdo!  50tons  ,1
Rabello quer blindagem do BNDES em CPI  economia,0
Rápido hein... só quase 3 anos atrasado...  ,1
Receita abre consulta a 1º lote de restituição do Imposto de Renda de 2017:  Noticias Economia Politica Brasil,0
Receita abre consulta a primeiro lote de restituição do IR deste ano  Economia via ,0
Receita abre consulta a primeiro lote de restituição do IR deste ano economia  via ,0
Receita abre consulta a primeiro lote de restituição do IR Economia >>>> ,0
Receita abre nesta quinta consulta ao primeiro lote de…  NoticiasBrasilDOL Economia RBATV BrasilUrgentePA,0
Receita abre nesta quinta consulta ao primeiro lote de…  NoticiasBrasilDOL Economia RBATV CidadeContraoCrime,0
Receita abre nesta quinta consulta ao primeiro lote de…  NoticiasBrasilDOL Economia RBATV MetendoBroncaPA,0
Receita abre nesta quinta consultaao 1º lote de restituição do IR  economia,0
Receita de R$ 23,0
Reportagem da  em que sou responsável pela imagem e edição.  TVSH economia Lionesa,0
REPÚBLICA    MEIRELLES NÃO PODE MAIS ESTAR A FRENTE DA ECONOMIA DO BRASIL,0
REPÚBLICAA ECONOMIA BRASIL COMPLEXA & MAIS DE 50 MILHÕES DESEMPREGADOSREAL 1/4 DA POPULAÇÃOAS OLIGARQUIAS MORRERÃO AO TEMPO,0
REPÚBLICAA ECONOMIA DO BRASIL É COMPLEXA DA AGRICULTURA A ENGENHARIA COM A HIGHTECH&SÓ A DiretasJÁ!NÃO RESOLVERÁ TUDO,0
Restituição de IR caiu na malha fina? Saiba o que fazer  notícias Economia ,0
RT : Hoje é em São Paulo palestra perspectivas economia   SobratemaSummit2017,0
Sabe o que é mais legal pra prova de amanhã?  É SABER QUE EU NÃO ESTUDEI e vou me fuder   obvio,1
Sabesp notifica cidade paulista e pode interromper abastecimento  notícias Economia ,0
Saiba agora se você está no primeiro lote de restituição do Imposto de Renda  Economia ,0
Saiba como reduzir as despesas do seu negócio em   Curitiba Coworking Economia ,0
Saiba se você está no primeiro lote de restituição do IR deste ano  notícias Economia ,0
Sair de casa às 8h e chegar em casa às 22h é tão revigorante. ,1
Santiago: reajuste da passagem de ônibus urbano será de apenas 3,0
Saques do FGTS: Caixa deve atender 7,0
SDE apresenta oportunidades de negócios para indústria automotiva Economia ,0
Se tem uma coisa que eu ADORO é surpresas. ,1
Se tem uma coisa que eu AMO DE PAIXÃO é quando o jogo trava no meio de uma missão! ,1
Seja um estagiárioGSK de Vendas,0
Senado adia calendário da reforma trabalhista após pressão  notícias Economia ,0
Senado pode acelerar tramitação da reforma trabalhista  notícias Economia ,0
Ser acordada com grosseria é a melhor coisa q tem,1
ser acordada pela língua de um cão deve ser maravilhoso kkkk,1
Ser acordado por uma bateria militante... Tem coisa melhor?! ,1
Ser diferente! cocochanel frases tarotdaliagaelle canarias sololaveedad amor trabajo Economia suerte twitter destino tu mismo,0
será que ser bandido é requisito hoje em dia?  ,1
Sério que tinha um setor de propina na empresa? Que legal! Que organizado! Que orgulho dos nossos representantes!  CORRUPTION,1
Sesc abre mais de 40 vagas de estágio em Pernambuco SuperConteúdo Economia ,0
Setor de brinquedos espera crescimento de 10% em 2017  economia,0
Setor de serviços paulistano fatura R$ 23,0
Site de consulta à restituição do IR tem instabilidade  notícias Economia ,0
Site expõe dados pessoais de brasileiros  economia,0
Site que expõe dados comete ilegalidades,0
Sobre ser quase 3 da manhã e eu não estar com sono  muito bom,1
Sobrevida de Temer não aumenta chances de reforma da Previdência  notícias Economia ,0
Sonho de todo pai:- Filho você ganhou uma bolsa pra ganhar videogame. Parabéns!  ,1
Sou apaixonada por pessoas que desligam na minha cara o telefone  ,1
Sou fria mesmo eu lá tenho cara de sol pra ser quente ,1
Sou totalmente contra a pirataria. Jamais roubaria um navio.    ,1
SP coloca em operação primeiros geradores de energia eólica do estado  economia,0
Super animado com 5 horas de ensino em um domingo... Uhul ,1
Super empolgado para o curso que terei que fazer amanhã o SÁBADO INTEIRO. ,1
Tanta guerra no mundo e desigualdade e eu ainda não sei se prefiro skol sense ou ice ,1
Tão legal acordar com dor de garganta,1
TAP transportou 1.135 milhões de passageiros em maio  economia portugal,0
"tem as camisetas maravilhosas"" tbm ()uma mais sem graça q a outra""",1
Tem coisa melhor q não dormir??? ,1
Tem uma mulher embaixo da minha janela gritando há uma hora. To gostando tanto... ,1
Temer assina MP que endurece sanções aplicadas pelo BC e CVM  notícias Economia ,0
Temer autoriza Banco Centrala fechar acordos de leniência  economia,0
Temer quer esperar denúncia da PGR para votar reforma previdenciária  economia,0
Temor de delação de Palocci aceleraleniência de bancos  economia,0
Tenho que agradecer esse. Ao mesmo tempo ele provou que a terra não é plana e que o dilúvio não aconteceu.  ,1
tenho tão boa memória ,1
The latest Diário Cristiano Novais!  catracario economia,0
The marcio frade Daily já saiu!  Graças a  economia windows10,0
Todo o ódio do mundo... facebook   ,1
Totalmente animada pra trabalhar o dia todo hoje... ,1
Trabalhadores da Cruz Vermelha em greve por aumentos salariais finanças economia dinheiro,0
Trabalhar domingo! Melhor coisa.,1
Trabalhar sábado é ótimo... Virado então,1
Trump diz que EUA precisam melhorar infraestrutura,0
Tudo que eu mais queria agora era ficar de babá do meu irmão. Nossa tô adorando :-D,1
Uber demite executivo que acessou dados de vítima de estupro  notícias Economia ,0
UE mantém limite a capital estrangeiro em companhias aéreas  economia,0
Uhuu cheguei no horário! Vi o dia amanhecer no metrô! Qualidade de vida outra coisa! ,1
Uiiii! Como ele é ousado e criativo em suas respostas ,1
Uma coisa que adoro: Ficar esperando.,1
Uma grande ironia!,1
Unidade promocional da Brasiles Construtora tem armários planejados de bônus  notícias Economia ,0
Vai ver é porque não tem população negra no Brasil.  ,1
Vamos agradecer a todos os professores que decidiram marcar avaliações para esta semana,1
Vamos continuar passando pano pra abusador,1
Varejo em pauta leva conhecimento contábil para empresários em Recife e Caruaru SuperConteúdo Economia ,0
Vcs sabem o quanto eu AMO Quando tudo dá errado... ,1
vi a previsão do tempo aqui e: QUE LEGAL QUE VAI CHOVER O FDS INTEIRO NÃO É MESMO? ,1
Viana abre mais de 100 vagas em cursos profissionalizantes gratuitos  notícias Economia ,0
Vim numa dermatologista que a recepcionista é tão simpática  que nunca mais volto.,1
"Vingança? Governo toma medidas duras contra a JBS após efeitos das delações""  economia feedly""",0
VIREI SEU FÃ ! Percebe-se que todos os comentários são de pessoas muito sábias que respeitam as escolhas dos outros! ,1
Visualizado e não respondido: amo pessoas assim!! SQN ,1
Vítor Rosa é o novo Diretor Comercial da Gateway  economia portugal vítorrosa,0
Viva a Disney! Mal sabe ele que a empresa incentiva as pessoas a beijarem uma mulher em coma cercada por anões ,1
VLT DO SUBÚRBIO: Investidores pedem prorrogação da licitação Economia ,0
Vou estudar pro Enem amanhã cedo... Acho q dá tempo! ,1
VOU FICAR MARAVILHOSA DE APARELHO AKKKKK UÓ ,1
"Xoésley safadão"" é o cara (Sqn. ou será que sim? o.Õ )  :p Economia """,0